0,Others,NK resident,NK exhausted,Label
MGUS_CD138nCD45p_3_GAATGAATCTTACCGC-1,0.05578231292517008,-0.047619047619047616,0.047619047619047616,Others
PMM_NK_1_GCCAACGAGAATAACC-1,0.05578231292517008,-0.7568027210884354,0.7568027210884354,NK exhausted
PMM_NK_3_TATCTGTTCCTCTAAT-1,0.05578231292517008,0.6700680272108844,-0.6700680272108844,NK resident
MGUS_CD138nCD45p_3_ACCCACTTCTAACTTC-1,0.05578231292517008,-0.13435374149659868,0.13435374149659868,NK exhausted
PMM_CD138p_post-therapy_3_GTAGAGGGTCAAGCGA-1,0.05578231292517008,-0.3401360544217687,0.3401360544217687,NK exhausted
PMM_Bcell_4_GCATGATTCCGTTGCT-1,0.05578231292517008,-0.48299319727891155,0.48299319727891155,NK exhausted
PMM_BM_8_CGAATGTTCAGCTCGG-1,0.05578231292517008,-0.10884353741496597,0.10884353741496597,NK exhausted
post-transplant_BM_1_TATTACCGTCTCCACT-1,0.05578231292517008,-0.2993197278911564,0.2993197278911564,NK exhausted
SMM_BM_2_CCGTACTTCGTGGTCG-1,0.05578231292517008,-0.37925170068027214,0.37925170068027214,NK exhausted
PMM_BM_8_CTGCTGTGTTTAGCTG-1,0.05578231292517008,0.056122448979591844,-0.056122448979591844,NK resident
PMM_NK_3_AGTGACTGTGTTACTG-1,0.05578231292517008,-0.19557823129251706,0.19557823129251706,NK exhausted
PMM_NK_1_AATCGACGTCTGTGCG-1,0.05578231292517008,-0.04931972789115646,0.04931972789115646,Others
PMM_NK_3_TCATGTTCAGCCGTTG-1,0.05578231292517008,-0.057823129251700744,0.057823129251700744,NK exhausted
RRMM_BM_3_AAAGTAGGTGCAACGA-1,0.05578231292517008,-0.19387755102040816,0.19387755102040816,NK exhausted
MGUS_CD138n_1_AGTAGTCTCGGTCTAA-1,0.05578231292517008,-0.358843537414966,0.358843537414966,NK exhausted
SMM_CD138nCD45p_8_TCAGGTATCTCGTATT-1,0.05578231292517008,0.15136054421768708,-0.15136054421768708,NK resident
MGUS_CD138n_1_CGGGTCAGTGACTACT-1,0.05578231292517008,-0.5238095238095237,0.5238095238095237,NK exhausted
SMM_CD138nCD45p_10_ACTGTCCAGATGAGAG-1,0.05578231292517008,-0.17346938775510207,0.17346938775510207,NK exhausted
SMM_CD138nCD45p_10_GTTCATTAGAGACTAT-1,0.05578231292517008,-0.3384353741496599,0.3384353741496599,NK exhausted
PMM_BM_9_CAAGAAAAGCTCTCGG-1,0.05578231292517008,0.20068027210884357,-0.20068027210884357,NK resident
PMM_CD138nCD45p_2_TGCGTGGGTGTTCGAT-1,0.05578231292517008,0.40306122448979587,-0.40306122448979587,NK resident
PMM_Bcell_1_CAGCATAAGAGTAAGG-1,0.05578231292517008,0.11394557823129253,-0.11394557823129253,NK resident
PMM_Bcell_3_GCCAAATTCCGCAGTG-1,0.05578231292517008,0.05782312925170069,-0.05782312925170069,NK resident
PMM_NK_1_CATTCTACAGCACAAG-1,0.05578231292517008,-0.25850340136054417,0.25850340136054417,NK exhausted
PMM_NK_2_CCATAAGCAAAGCAAT-1,0.05578231292517008,-0.09523809523809523,0.09523809523809523,NK exhausted
RRMM_BM_8_GGACGTCCATCCGCGA-1,0.05578231292517008,-0.31972789115646255,0.31972789115646255,NK exhausted
MGUS_CD138nCD45p_3_GCACTCTTCACAACGT-1,0.05578231292517008,0.11564625850340138,-0.11564625850340138,NK resident
RRMM_BM_4_ACGGCCACATTCCTGC-1,0.05578231292517008,-0.1751700680272109,0.1751700680272109,NK exhausted
PMM_NK_3_GCGATCGCATGTGACT-1,0.05578231292517008,-0.4251700680272109,0.4251700680272109,NK exhausted
PMM_NK_3_ACTACGAAGAGTCTGG-1,0.05578231292517008,-0.030612244897959162,0.030612244897959162,Others
PMM_NK_1_GGTAGAGAGGATATAC-1,0.05578231292517008,-0.09013605442176875,0.09013605442176875,NK exhausted
PMM_Bcell_3_CTGATAGCACGAGGTA-1,0.05578231292517008,-0.21088435374149658,0.21088435374149658,NK exhausted
PMM_Bcell_4_TTGCCGTTCGGCTACG-1,0.05578231292517008,-0.31802721088435376,0.31802721088435376,NK exhausted
PMM_BM_1_CATTATCTCCTTAATC-1,0.05578231292517008,0.1564625850340136,-0.1564625850340136,NK resident
PMM_Bcell_3_CACATTTGTAGAGCTG-1,0.05578231292517008,-0.17006802721088435,0.17006802721088435,NK exhausted
post-transplant_BM_1_ACGATGTTCTCTGTCG-1,0.05578231292517008,-0.25510204081632654,0.25510204081632654,NK exhausted
PMM_CD138nCD45p_2_GGATGTTGTAAGGGAA-1,0.05578231292517008,-0.12925170068027209,0.12925170068027209,NK exhausted
PMM_CD138nCD45p_3_CCTTACGGTCCAGTAT-1,0.05578231292517008,-0.13265306122448978,0.13265306122448978,NK exhausted
PMM_Bcell_4_CGTCTACAGGAGCGTT-1,0.05578231292517008,-0.0697278911564626,0.0697278911564626,NK exhausted
SMM_CD138n_4_ACGCAGCCACTACAGT-1,0.05578231292517008,-0.14795918367346939,0.14795918367346939,NK exhausted
PMM_BM_5_GACGCGTAGGATTCGG-1,0.05578231292517008,-0.5714285714285714,0.5714285714285714,NK exhausted
PMM_BM_8_CAGCTGGCACCGATAT-1,0.05578231292517008,-0.1751700680272109,0.1751700680272109,NK exhausted
PMM_Bcell_4_TATGCCCGTAACGACG-1,0.05578231292517008,-0.2755102040816326,0.2755102040816326,NK exhausted
MGUS_CD138nCD45p_3_AGAGCGATCCCAACGG-1,0.05578231292517008,-0.1360544217687074,0.1360544217687074,NK exhausted
PMM_NK_1_TTGTGGATCCAAGCTA-1,0.05578231292517008,-0.0017006802721088454,0.0017006802721088454,Others
PMM_NK_3_GGGTATTCATCTCCCA-1,0.05578231292517008,0.09183673469387754,-0.09183673469387754,NK resident
MGUS_CD138n_1_ACGAGGAGTGTATGGG-1,0.05578231292517008,-0.12925170068027209,0.12925170068027209,NK exhausted
RRMM_BM_7_TACTTACAGTCACGCC-1,0.05578231292517008,-0.1751700680272109,0.1751700680272109,NK exhausted
PMM_NK_2_TAGTGCATCCGCACTT-1,0.05578231292517008,0.37414965986394566,-0.37414965986394566,NK resident
PMM_NK_2_GACCCTTTCACACCGG-1,0.05578231292517008,-0.09353741496598644,0.09353741496598644,NK exhausted
PMM_Bcell_1_CTCGTCAAGTCAATAG-1,0.05578231292517008,0.11394557823129253,-0.11394557823129253,NK resident
PMM_NK_3_GACACGCAGTCATGGG-1,0.05578231292517008,-0.23979591836734693,0.23979591836734693,NK exhausted
RRMM_BM_3_CGTAGCGAGTTACCCA-1,0.05578231292517008,-0.11394557823129253,0.11394557823129253,NK exhausted
PMM_NK_2_CTACCTGAGCAGTCTT-1,0.05578231292517008,-0.2993197278911564,0.2993197278911564,NK exhausted
PMM_NK_2_CTCAATTAGGTCCCTG-1,0.05578231292517008,0.17517006802721086,-0.17517006802721086,NK resident
PMM_NK_3_CTCCTCCTCGTTACCC-1,0.05578231292517008,-0.5918367346938775,0.5918367346938775,NK exhausted
PMM_BM_9_CACTCCAGTAGGGTAC-1,0.05578231292517008,-0.27380952380952384,0.27380952380952384,NK exhausted
SMM_CD138nCD45p_2_GGGCACTTCTCCAGGG-1,0.05578231292517008,0.11394557823129253,-0.11394557823129253,NK resident
PMM_CD138nCD45p_2_GGATTACCACTTAAGC-1,0.05578231292517008,-0.2602040816326531,0.2602040816326531,NK exhausted
PMM_Bcell_4_TGCGGGTTCAGTTTGG-1,0.05578231292517008,-0.2346938775510204,0.2346938775510204,NK exhausted
PMM_NK_1_GGTGTTAGTTGTCAGT-1,0.05578231292517008,-0.5510204081632653,0.5510204081632653,NK exhausted
PMM_NK_3_GGGACTCCATATACCG-1,0.05578231292517008,-0.7363945578231292,0.7363945578231292,NK exhausted
RRMM_BM_8_CAAGATCAGTGCAAGC-1,0.05578231292517008,-0.3622448979591837,0.3622448979591837,NK exhausted
SMM_CD138n_4_TCTGGAACAGCTTAAC-1,0.05578231292517008,0.09353741496598639,-0.09353741496598639,NK resident
PMM_Plasma_15_CGTGTCTTCGTTTAGG-1,0.05578231292517008,0.42176870748299317,-0.42176870748299317,NK resident
PMM_BM_5_AGCAGCCGTGGCGAAT-1,0.05578231292517008,-0.44217687074829926,0.44217687074829926,NK exhausted
RRMM_BM_3_CTAGTGAGTTGGTGGA-1,0.05578231292517008,-0.4897959183673469,0.4897959183673469,NK exhausted
PMM_NK_1_CATCGCTAGATGATTG-1,0.05578231292517008,-0.21768707482993194,0.21768707482993194,NK exhausted
PMM_NK_1_AATGAAGAGATTGACA-1,0.05578231292517008,-0.05272108843537415,0.05272108843537415,Others
RRMM_BM_8_GACTGCGGTGTCTGAT-1,0.05578231292517008,0.15986394557823128,-0.15986394557823128,NK resident
PMM_Plasma_2_TGCGCAGGTGCTGTAT-1,0.05578231292517008,-0.12585034013605442,0.12585034013605442,NK exhausted
RRMM_BM_3_AGGGATGCACGAGAGT-1,0.05578231292517008,-0.20238095238095233,0.20238095238095233,NK exhausted
SMM_CD138nCD45p_10_AGCCTAACAGGGTACA-1,0.05578231292517008,-0.23299319727891157,0.23299319727891157,NK exhausted
PMM_BM_6_AGATTGCAGGCTATCT-1,0.05578231292517008,0.15816326530612246,-0.15816326530612246,NK resident
PMM_BM_8_TGGCGCAAGGGATCTG-1,0.05578231292517008,-0.1496598639455782,0.1496598639455782,NK exhausted
SMM_CD138nCD45p_10_CGTTAGAGTCGTGGCT-1,0.05578231292517008,0.0391156462585034,-0.0391156462585034,Others
PMM_BM_8_TCGCGAGCATTGGCGC-1,0.05578231292517008,-0.15646258503401356,0.15646258503401356,NK exhausted
PMM_BM_9_CGAACATGTTAGTGGG-1,0.05578231292517008,-0.047619047619047616,0.047619047619047616,Others
SMM_BM_2_CCATTCGGTCAGAGGT-1,0.05578231292517008,-0.1972789115646258,0.1972789115646258,NK exhausted
PMM_NK_2_GCATCGGTCATGCATG-1,0.05578231292517008,-0.05102040816326531,0.05102040816326531,Others
RRMM_BM_3_CAAGTTGCACTTGGAT-1,0.05578231292517008,-0.09863945578231292,0.09863945578231292,NK exhausted
PMM_Bcell_4_GCGACCACAAGCCGCT-1,0.05578231292517008,0.09523809523809523,-0.09523809523809523,NK resident
PMM_BM_6_GCATGTACAGCATGAG-1,0.05578231292517008,0.03741496598639457,-0.03741496598639457,Others
PMM_Bcell_3_GATCGATAGTGTACCT-1,0.05578231292517008,-0.1496598639455782,0.1496598639455782,NK exhausted
PMM_CD138p_post-therapy_3_TATTTCGTCCACTAGA-1,0.05578231292517008,-0.564625850340136,0.564625850340136,NK exhausted
RRMM_BM_8_TCAGCAAAGCTAACAA-1,0.05578231292517008,-0.7125850340136054,0.7125850340136054,NK exhausted
PMM_BM_5_GCAGTTAAGTTCCACA-1,0.05578231292517008,-0.1785714285714286,0.1785714285714286,NK exhausted
PMM_Plasma_1_CGGGTCATCGGCGCAT-1,0.05578231292517008,-0.17346938775510207,0.17346938775510207,NK exhausted
PMM_NK_3_TCAGCCTCATTGTGCA-1,0.05578231292517008,0.25,-0.25,NK resident
SMM_CD138nCD45p_9_GTCACAATCAACACAC-1,0.05578231292517008,0.15816326530612246,-0.15816326530612246,NK resident
PMM_NK_2_TTCCGTGTCTGCGGCA-1,0.05578231292517008,0.32653061224489793,-0.32653061224489793,NK resident
SMM_CD138nCD45p_1_GTACTTTTCGAATGCT-1,0.05578231292517008,0.17517006802721086,-0.17517006802721086,NK resident
PMM_Bcell_3_CCTTACGCATTTCACT-1,0.05578231292517008,-0.2534013605442177,0.2534013605442177,NK exhausted
PMM_CD138nCD45p_2_GTAGTCAAGGGAACGG-1,0.05578231292517008,-0.15136054421768708,0.15136054421768708,NK exhausted
PMM_NK_3_GTTAGACAGCGCCTCA-1,0.05578231292517008,-0.3605442176870748,0.3605442176870748,NK exhausted
PMM_NK_1_GCGATCGTCAATGCAC-1,0.05578231292517008,-0.5102040816326531,0.5102040816326531,NK exhausted
PMM_BM_6_GTAGGCCAGCTGCGAA-1,0.05578231292517008,-0.19387755102040816,0.19387755102040816,NK exhausted
PMM_Bcell_1_AATCGGTTCTCGTTTA-1,0.05578231292517008,0.23639455782312918,-0.23639455782312918,NK resident
PMM_BM_1_TGGGAAGCACATTTCT-1,0.05578231292517008,0.05272108843537415,-0.05272108843537415,Others
MGUS_CD138n_1_ACTTACTAGGGCTTCC-1,0.05578231292517008,-0.3826530612244898,0.3826530612244898,NK exhausted
